,one,two,three
LR base,0.7141414141414142,0.803030303030303,0.7097540288379982
SVC base,0.7108585858585859,0.7575757575757576,0.6628498727735369
KNeighbors,0.8255050505050505,0.8484848484848485,0.8246819338422391
SVC with PCA of 0.975,0.7252525252525253,0.8106060606060606,0.7510602205258694
LR with PCA of 0.975,0.7217171717171718,0.7992424242424242,0.7100932994062765
Random Forest,0.7032828282828283,0.7613636363636365,0.7111111111111111
DecisionTree,0.7277777777777779,0.7613636363636365,0.7410517387616624
